{
  "IsEncrypted": false,
  "Values": {
    "WEBSITE_SLOT_NAME": "Production",
    "clientSecret": "ahU7Q~ETvObAu7Jme7uin2x8VehTa3jP7D~7n",
    "FUNCTIONS_EXTENSION_VERSION": "~3",
    "WEBSITE_AUTH_ENABLED": "False",
    "WEBSITE_RUN_FROM_PACKAGE": "1",
    "REMOTEDEBUGGINGVERSION": "16.0.30709.132",
    "FUNCTIONS_RUNTIME_SCALE_MONITORING_ENABLED": "0",
    "APPINSIGHTS_INSTRUMENTATIONKEY": "d505cb49-27bf-448e-aa6e-44d0ccddc4ce",
    "workspaceID": "6b648c86-18bc-4772-b907-7c45198dfd1f",
    "tenantId": "770b4811-af90-4b19-b20c-4fa1196d6e0f",
    "WEBSITE_CONTENTAZUREFILECONNECTIONSTRING": "DefaultEndpointsProtocol=https;AccountName=getlogs3655edqyjnk4ytp2;EndpointSuffix=core.windows.net;AccountKey=jw3AP1nzD6sA8saKjyiPxF+4H2VpgLUyMZ2rCVYoZ61yiJe9EYOqVs0LcVq/eo+KmqSwFxJCWO1Z+AStvq0YIg==",
    "ScmType": "None",
    "WEBSITE_CONTENTSHARE": "getlogs3655edqyjnk4ytp2",
    "WEBSITE_AUTH_AUTO_AAD": "False",
    "clientId": "77f774cd-ebce-466c-8ec7-f22cbcabc18a",
    "workspaceKey": "UWeId5q2SEL/csx89WjLZ2jslIhd3j7+NbgaN4jW7NNxWeCSX/GYtr/sm9Bz0/OptVTvrW3DHMC5SvlIbcqoDw==",
    "AzureWebJobsStorage": "DefaultEndpointsProtocol=https;AccountName=getlogs3655edqyjnk4ytp2;EndpointSuffix=core.windows.net;AccountKey=jw3AP1nzD6sA8saKjyiPxF+4H2VpgLUyMZ2rCVYoZ61yiJe9EYOqVs0LcVq/eo+KmqSwFxJCWO1Z+AStvq0YIg==",
    "FUNCTIONS_WORKER_RUNTIME_VERSION": "~7",
    "FUNCTIONS_WORKER_RUNTIME": "powershell",
    "WEBSITE_SITE_NAME": "getLogs365101",
    "WEBSITE_AUTH_LOGOUT_PATH": "/.auth/logout"
  }
}